train_returns_Average,train_returns_Std,train_returns_Median,train_returns_Min,train_returns_Max,train_ep_lens_Average,train_ep_lens_Std,train_ep_lens_Median,train_ep_lens_Min,train_ep_lens_Max,learning_rate,value_loss,policy_loss,entropy,old_approx_kl,approx_kl,clipfrac,explained_variance,SPS,TimeSinceStart,VectorizedStep,GlobalStep,SingleStep
-0.32848457,0.24934305,-0.25883558,-1.1640205,0.03352229,275.435,239.6018067022868,201.0,30,1000,0.0003,0.005454381927847862,-0.011754686012864113,22.698101043701172,0.006321815773844719,0.006562110036611557,0.05789794921875,-12.007095336914062,1576,41.56881523132324,65536,65536,2048
-0.34460175,0.26005837,-0.2777686,-1.2723942,-0.016091999,314.36036036036035,266.39651719691255,243.5,26,1000,0.0002980263157894737,0.0002827563148457557,-0.019521404057741165,22.69362449645996,0.009263578802347183,0.008995858021080494,0.08676910400390625,-0.9926722049713135,1634,80.16994547843933,131072,131072,4096
-0.3303707,0.25538355,-0.26935545,-1.2851775,0.055718865,290.0,256.66738551867246,206.5,29,1000,0.00029605263157894733,0.00015853664081078023,-0.023645684123039246,22.674484252929688,0.00047490326687693596,0.007311769761145115,0.09667510986328125,0.21495163440704346,1653,118.92331981658936,196608,196608,6144
-0.26504114,0.23371865,-0.18669443,-1.2960334,0.08704011,246.99603174603175,220.7403397734555,163.5,18,1000,0.00029407894736842104,0.00014552584616467357,-0.018814673647284508,22.650684356689453,0.004081605933606625,0.008880697190761566,0.1086090087890625,0.29369497299194336,1638,159.9803431034088,262144,262144,8192
-0.24287584,0.23192279,-0.1624841,-1.2650331,0.09202788,240.61092150170649,232.4969201972332,142.0,23,1000,0.0002921052631578947,0.00015983748016878963,-0.023753264918923378,22.607086181640625,0.012183794751763344,0.010531831532716751,0.1212066650390625,0.23811137676239014,1619,202.3725311756134,327680,327680,10240
-0.15383375,0.20144399,-0.09504926,-1.179023,0.119558655,187.31988472622479,190.85640069248214,120.0,23,1000,0.0002901315789473684,0.00017554516671225429,-0.02502371184527874,22.58208656311035,0.011910073459148407,0.00950111448764801,0.12292633056640626,0.13885146379470825,1623,242.18853282928467,393216,393216,12288
-0.08652899,0.13913654,-0.05433579,-0.880548,0.15323532,138.908203125,146.24380786535457,93.5,16,1000,0.00028815789473684206,0.00019828285439871252,-0.022846726700663567,22.544876098632812,0.010538563132286072,0.011203271336853504,0.1337432861328125,0.16040003299713135,1613,284.2831885814667,458752,458752,14336
-0.033875477,0.10700347,-0.0092319455,-0.8388752,0.19858675,104.07142857142857,97.37686392628339,77.0,19,895,0.00028618421052631576,0.00019218871602788568,-0.026616312563419342,22.53142547607422,0.010299371555447578,0.010840450413525105,0.1478363037109375,0.19478970766067505,1604,326.86232686042786,524288,524288,16384
0.00019405202,0.064932555,0.00847345,-0.49130243,0.16404553,76.664,54.12570781853244,62.0,16,583,0.00028421052631578947,0.00017803438822738826,-0.03118395060300827,22.509910583496094,0.013614177703857422,0.011469362303614616,0.16111297607421876,0.259238600730896,1564,377.0470929145813,589824,589824,18432
0.020060146,0.051026367,0.025708083,-0.73977524,0.16617547,61.76356945722171,40.227643826470285,52.0,19,744,0.0002822368421052631,0.00012605090159922838,-0.02907036617398262,22.47356414794922,0.02187545970082283,0.011395657435059547,0.15361328125,0.13837546110153198,1544,424.22210717201233,655360,655360,20480
0.029269002,0.03675543,0.032448143,-0.16284752,0.15723316,52.73343974461293,27.151153396971456,46.0,18,378,0.00028026315789473683,8.991111826617271e-05,-0.0233700480312109,22.42828941345215,0.01192924752831459,0.011892120353877544,0.14257659912109374,-0.028230786323547363,1535,469.6159965991974,720896,720896,22528
0.0353424,0.03100645,0.03687354,-0.16945821,0.15036148,47.81903388608507,20.34432471992114,43.0,19,247,0.0002782894736842105,7.623851706739515e-05,-0.025947105139493942,22.36187171936035,0.00923459418118,0.009679242968559265,0.1401397705078125,-0.06071829795837402,1520,517.2150502204895,786432,786432,24576
0.042090435,0.027945604,0.04385155,-0.08401196,0.1303716,47.346456692913385,18.70496385567892,43.0,17,150,0.0002763157894736842,6.295467028394341e-05,-0.027724873274564743,22.304025650024414,0.008613349869847298,0.009726529940962791,0.13208770751953125,0.08605998754501343,1513,562.9311299324036,851968,851968,26624
0.048096936,0.026536152,0.048361972,-0.056269605,0.16633524,48.40905770635501,20.693649274485836,43.0,19,216,0.0002743421052631579,5.629446968669072e-05,-0.026237135753035545,22.239377975463867,0.015713747590780258,0.011095119640231133,0.12614593505859376,0.28169894218444824,1503,610.177134513855,917504,917504,28672
0.05350366,0.025551662,0.053568464,-0.034713607,0.18588671,51.595794392523366,24.302148176424204,46.0,18,260,0.00027236842105263155,6.103827035985887e-05,-0.025183402001857758,22.167991638183594,0.013593277893960476,0.010480163618922234,0.12471466064453125,0.4143463969230652,1500,655.0591344833374,983040,983040,30720
0.056691136,0.025826292,0.05579275,-0.069779485,0.1874158,53.76753670473083,27.725506480366803,47.0,15,365,0.0002703947368421052,5.0604212447069585e-05,-0.02286168932914734,22.107345581054688,0.008451279252767563,0.009959599003195763,0.11923828125,0.5506660640239716,1492,702.4471139907837,1048576,1048576,32768
0.06302919,0.02632428,0.06273447,-0.02800554,0.20713337,61.13488372093023,34.35190583197393,51.0,15,413,0.0002684210526315789,4.663438448915258e-05,-0.02337418869137764,22.03498077392578,0.006346940994262695,0.011186684481799603,0.1276397705078125,0.6604500710964203,1481,751.8721861839294,1114112,1114112,34816
0.06691536,0.027338834,0.06531814,-0.044758137,0.18187481,68.91815320041972,47.041514740452556,54.0,17,511,0.0002664473684210526,4.774775152327493e-05,-0.023229649290442467,21.959697723388672,0.011770219542086124,0.009431152604520321,0.1189971923828125,0.719073623418808,1479,797.1920154094696,1179648,1179648,36864
0.072641246,0.029061148,0.070339926,-0.025412703,0.1917678,77.81839622641509,52.10004926367121,62.0,16,459,0.0002644736842105263,4.473595254239626e-05,-0.025232350453734398,21.89293670654297,0.00737749133259058,0.011490918695926666,0.1177581787109375,0.7657644301652908,1478,842.0034687519073,1245184,1245184,38912
0.07752176,0.028401176,0.0764511,-0.04537938,0.17976922,86.91078561917443,71.9706537197825,64.0,22,1000,0.0002625,4.09205567848403e-05,-0.0288776233792305,21.832637786865234,0.009570706635713577,0.011019887402653694,0.12100067138671874,0.8012137860059738,1475,888.3658084869385,1310720,1310720,40960
0.083026074,0.030135445,0.081542686,-0.0021323103,0.19736226,98.48952095808383,78.45316813735748,72.0,20,773,0.0002605263157894737,3.818793629761785e-05,-0.026260700076818466,21.781280517578125,0.011448567733168602,0.010153848677873611,0.11417388916015625,0.8136831969022751,1473,933.9400386810303,1376256,1376256,43008
0.08795551,0.03153557,0.08535183,-0.020698631,0.18522958,106.64667747163695,86.748028115869,81.0,22,741,0.00025855263157894734,3.6472283682087436e-05,-0.023432303220033646,21.72121810913086,0.011540036648511887,0.011461506597697735,0.11869659423828124,0.8290964066982269,1474,977.5855660438538,1441792,1441792,45056
0.096363544,0.03629853,0.093718976,0.014851968,0.3576196,115.8363309352518,82.02903620537406,94.0,23,629,0.00025657894736842105,4.037677717860788e-05,-0.026589304208755493,21.667388916015625,0.012654902413487434,0.00984589010477066,0.11675872802734374,0.8137795180082321,1476,1021.0200612545013,1507328,1507328,47104
0.107338876,0.043964755,0.10115879,-0.006923954,0.39540744,136.58811475409837,112.51695874970099,99.0,24,841,0.0002546052631578947,5.22258851560764e-05,-0.02166134864091873,21.618240356445312,0.010707041248679161,0.01061244122684002,0.11187744140625,0.8032720685005188,1476,1065.3418176174164,1572864,1572864,49152
0.119383365,0.055596694,0.11335127,-0.006553866,0.42669964,167.64659685863873,145.34999545757856,120.5,26,1000,0.00025263157894736836,4.27597806265112e-05,-0.020117513835430145,21.57225799560547,0.004593465477228165,0.010786423459649086,0.11845855712890625,0.7850232869386673,1473,1111.6243026256561,1638400,1638400,51200
0.13403212,0.062362228,0.1232956,-0.001642128,0.4875233,185.43909348441926,143.62027897905793,141.0,29,805,0.00025065789473684207,4.6665787522215396e-05,-0.022056084126234055,21.52092170715332,0.009937192313373089,0.010335597209632397,0.11382904052734374,0.7560175508260727,1478,1152.1278085708618,1703936,1703936,53248
0.13460168,0.06278487,0.12577896,-0.04781079,0.36863828,180.61772853185596,155.71247427276953,131.0,31,1000,0.0002486842105263158,5.122763104736805e-05,-0.018807649612426758,21.459640502929688,0.013674261048436165,0.010541757568717003,0.11965179443359375,0.737240731716156,1480,1195.4691574573517,1769472,1769472,55296
0.15324219,0.071645916,0.14344545,0.0075865793,0.5052833,200.17073170731706,155.27108904939954,152.5,26,1000,0.0002467105263157895,4.870396151090972e-05,-0.022023439407348633,21.406911849975586,0.008992230519652367,0.01009419560432434,0.12216339111328126,0.737750381231308,1481,1238.3651413917542,1835008,1835008,57344
0.16535527,0.09559447,0.14635189,-0.22090733,0.5207209,235.04982206405694,208.95673156715512,162.0,27,1000,0.00024473684210526314,5.181425513001159e-05,-0.020525122061371803,21.369617462158203,0.010589411482214928,0.009976917877793312,0.11270599365234375,0.6752627789974213,1487,1278.0853731632233,1900544,1900544,59392
0.17403206,0.09647097,0.15265547,-0.007871905,0.7367284,238.50936329588015,189.75520132313272,176.0,28,1000,0.00024276315789473682,5.054874054621905e-05,-0.023624077439308167,21.33407974243164,0.00661679869517684,0.010790491476655006,0.12080841064453125,0.6589624881744385,1488,1320.5083136558533,1966080,1966080,61440
0.19442911,0.11938519,0.1716335,-0.06491525,0.7851213,285.88,249.5634567266076,193.0,30,1000,0.0002407894736842105,5.625231278827414e-05,-0.023021282628178596,21.29117774963379,0.009820153936743736,0.010301879607141018,0.11601104736328124,0.6418384611606598,1490,1362.6717729568481,2031616,2031616,63488
0.24847609,0.1578015,0.2048387,0.0060208715,0.87044114,346.43548387096774,282.208434807287,253.5,29,1000,0.00023881578947368418,5.2581301133614033e-05,-0.025162050500512123,21.244129180908203,0.007725502364337444,0.010409153066575527,0.11664276123046875,0.5991211235523224,1494,1403.0985777378082,2097152,2097152,65536
0.24884261,0.16364267,0.20706895,-0.047342543,0.8354247,402.9415584415584,301.4757046275672,329.0,37,1000,0.00023684210526315788,5.219826925895177e-05,-0.024959765374660492,21.212265014648438,0.012708643451333046,0.011391811072826385,0.11640167236328125,0.5378332436084747,1498,1443.1781468391418,2162688,2162688,67584
0.28213754,0.19097635,0.22881094,-0.06351262,0.9493309,415.8452380952381,310.4935393104255,295.5,36,1000,0.00023486842105263156,5.853823677171022e-05,-0.02445727027952671,21.168827056884766,0.007657469250261784,0.010170132853090763,0.11187896728515626,0.5252292454242706,1500,1484.786419391632,2228224,2228224,69632
0.29450113,0.19547409,0.24286616,-0.36457336,0.9348273,421.24675324675326,291.77874359989164,347.0,35,1000,0.00023289473684210524,5.013441841583699e-05,-0.02343010902404785,21.142044067382812,0.00676153926178813,0.010289999656379223,0.11561737060546876,0.5513122975826263,1504,1524.5315623283386,2293760,2293760,71680
0.2916638,0.18419574,0.25320482,-0.13230193,0.93280274,457.1777777777778,297.72517445821217,393.0,48,1000,0.00023092105263157893,5.72961253055837e-05,-0.018763311207294464,21.10158348083496,0.015232859179377556,0.010176693089306355,0.11992950439453125,0.5291835367679596,1505,1567.035984992981,2359296,2359296,73728
0.35326692,0.22816326,0.29913816,-0.15839942,0.9977841,482.57664233576645,330.83894073989234,402.0,52,1000,0.00022894736842105263,5.274575232760981e-05,-0.02464286983013153,21.06336784362793,0.008442224934697151,0.009632792323827744,0.1183349609375,0.5525291264057159,1508,1607.9214725494385,2424832,2424832,75776
0.384554,0.23116529,0.3615446,-0.0017769601,1.2057552,586.5826086956522,333.30038632385276,570.0,52,1000,0.00022697368421052629,5.8921315940096974e-05,-0.025307783856987953,21.030479431152344,0.010077576152980328,0.010146988555788994,0.12186126708984375,0.5286973416805267,1512,1646.7966439723969,2490368,2490368,77824
0.43501368,0.25598934,0.4042933,-0.3322216,1.0256419,581.1160714285714,331.93170407522183,616.5,49,1000,0.000225,5.972794315312058e-05,-0.0225357785820961,21.013858795166016,0.01139251608401537,0.011356934905052185,0.12368316650390625,0.5422336161136627,1514,1687.4138689041138,2555904,2555904,79872
0.4465787,0.26743665,0.4052344,0.061590202,1.1637021,637.4174757281553,346.09823860077654,715.0,42,1000,0.00022302631578947367,6.581688649021089e-05,-0.025855593383312225,20.99325942993164,0.00870908796787262,0.009948106482625008,0.117034912109375,0.5474159121513367,1507,1738.944804430008,2621440,2621440,81920
0.43254834,0.26187798,0.39598542,-0.22753264,1.2288947,619.847619047619,357.77497000348933,625.0,57,1000,0.00022105263157894738,7.350459054578096e-05,-0.027303077280521393,20.982643127441406,0.007851236499845982,0.010592248290777206,0.1201934814453125,0.5030282139778137,1510,1779.239594221115,2686976,2686976,83968
0.4097016,0.28546277,0.38824412,-0.35738438,1.0400105,677.639175257732,337.3511183055426,821.0,69,1000,0.00021907894736842104,8.739697659621015e-05,-0.0247799102216959,20.952041625976562,0.008878324180841446,0.009971101768314838,0.1189483642578125,0.4004897475242615,1512,1819.8651525974274,2752512,2752512,86016
0.49474683,0.311283,0.48739484,-0.42820665,1.1174332,696.1195652173913,332.447146580289,839.5,29,1000,0.0002171052631578947,7.178355735959485e-05,-0.026858774945139885,20.93062973022461,0.006916136015206575,0.010498829185962677,0.12112884521484375,0.4732150435447693,1513,1862.005289554596,2818048,2818048,88064
0.49888763,0.2954012,0.4411553,-0.19002807,1.206392,633.8640776699029,345.2560903632073,615.0,37,1000,0.0002151315789473684,7.726745388936251e-05,-0.02523399516940117,20.901206970214844,0.01447145827114582,0.011362651363015175,0.1205474853515625,0.47977203130722046,1516,1901.0156862735748,2883584,2883584,90112
0.5429988,0.3241937,0.5417804,-0.4371198,1.1830314,654.6990291262136,341.1040849875209,686.0,33,1000,0.00021315789473684208,8.76070698723197e-05,-0.024892378598451614,20.89413070678711,0.002670148853212595,0.009590988047420979,0.12100677490234375,0.45021116733551025,1519,1941.1072671413422,2949120,2949120,92160
0.49434885,0.3222737,0.4720052,-0.23402803,1.2379025,651.3235294117648,343.0376747663613,736.5,44,1000,0.00021118421052631578,7.41756011848338e-05,-0.017905231565237045,20.894804000854492,0.011569110676646233,0.010559193789958954,0.125921630859375,0.5058856010437012,1520,1982.1152257919312,3014656,3014656,94208
0.49098217,0.32284796,0.4359106,-0.22221093,1.1220251,613.3883495145631,356.617666225702,634.0,46,1000,0.00020921052631578946,9.153659630101174e-05,-0.022260576486587524,20.85035514831543,0.001541058998554945,0.01119352038949728,0.1254425048828125,0.4709632992744446,1522,2023.4555370807648,3080192,3080192,96256
0.5606954,0.31154191,0.5697961,-0.29506674,1.2740812,749.3908045977012,300.72652854863975,885.0,37,1000,0.00020723684210526315,8.639083534944803e-05,-0.02252180501818657,20.825864791870117,0.014854300767183304,0.010701123625040054,0.118780517578125,0.4773949384689331,1524,2063.6895427703857,3145728,3145728,98304
0.4816294,0.35471943,0.47718632,-0.47085536,1.3119915,707.8924731182796,320.3524088520711,863.0,62,1000,0.00020526315789473683,9.649708226788789e-05,-0.019239112734794617,20.813060760498047,0.013615090399980545,0.010929010808467865,0.1191192626953125,0.4572237730026245,1524,2106.0009989738464,3211264,3211264,100352
0.647492,0.31619576,0.656801,-0.29698843,1.3217915,789.560975609756,285.3536999704981,998.5,47,1000,0.00020328947368421048,8.845546108204871e-05,-0.02086227759718895,20.7822265625,0.00851314328610897,0.010479236021637917,0.12280426025390626,0.4737645983695984,1526,2146.6668915748596,3276800,3276800,102400
0.60887223,0.37668684,0.6568612,-0.5389683,1.332047,769.7558139534884,317.3917297924074,1000.0,109,1000,0.0002013157894736842,9.655795292928815e-05,-0.024437695741653442,20.757816314697266,0.011107253842055798,0.01106049120426178,0.1218719482421875,0.47154128551483154,1529,2185.846831560135,3342336,3342336,104448
0.65829194,0.42599425,0.664128,-0.7810013,1.4640424,749.2528735632184,328.58534182090153,966.0,62,1000,0.0001993421052631579,9.213286102749407e-05,-0.026615817099809647,20.740856170654297,0.007995059713721275,0.010745007544755936,0.12491302490234375,0.47689223289489746,1529,2227.4631271362305,3407872,3407872,106496
0.71159685,0.41753656,0.788011,-0.3965562,1.3858808,786.035294117647,320.7864397551677,1000.0,64,1000,0.00019736842105263157,9.148589742835611e-05,-0.02378246560692787,20.719327926635742,0.006619126070290804,0.011350329965353012,0.12373504638671876,0.41351133584976196,1529,2270.3698472976685,3473408,3473408,108544
0.71924746,0.37988323,0.7454019,-0.3216968,1.3206164,775.320987654321,306.2760727993535,1000.0,62,1000,0.00019539473684210528,9.99161129584536e-05,-0.024326223880052567,20.724517822265625,0.009491972625255585,0.01069145742803812,0.1255584716796875,0.4150758981704712,1531,2310.0596673488617,3538944,3538944,110592
0.75146645,0.36386016,0.7154169,-0.084891416,1.4151814,814.0,280.3667893766411,1000.0,79,1000,0.00019342105263157894,0.00010437730816192925,-0.01820593699812889,20.724998474121094,0.01389131136238575,0.012401157058775425,0.1220367431640625,0.4214996099472046,1533,2350.4711253643036,3604480,3604480,112640
0.6862599,0.4026754,0.690273,-0.4208705,1.5245839,787.0,325.0060036968923,1000.0,66,1000,0.0001914473684210526,0.00010381937318015844,-0.023449862375855446,20.715911865234375,0.009207887575030327,0.010993230156600475,0.1189697265625,0.4130287170410156,1535,2390.5834522247314,3670016,3670016,114688
0.706346,0.52033854,0.75918216,-0.9828824,1.558121,825.8170731707318,293.91890071295467,1000.0,30,1000,0.0001894736842105263,0.00014004101103637367,-0.021647291257977486,20.70339584350586,0.00875789299607277,0.010769867338240147,0.1200286865234375,0.3473622798919678,1537,2429.6740097999573,3735552,3735552,116736
0.7970545,0.45547214,0.8638599,-0.17358336,1.5099256,801.8072289156627,306.45019477144024,1000.0,44,1000,0.00018749999999999998,0.00010801728058140725,-0.026441657915711403,20.685791015625,0.008906876668334007,0.011044011451303959,0.12011566162109374,0.41545677185058594,1538,2471.4312307834625,3801088,3801088,118784
0.7516433,0.47325698,0.7477242,-0.646621,1.7299166,815.85,300.1817824252498,1000.0,35,1000,0.00018552631578947368,0.0001291637890972197,-0.017105644568800926,20.66606903076172,0.01222909614443779,0.010390224866569042,0.1224639892578125,0.3239707946777344,1539,2511.70250415802,3866624,3866624,120832
0.8641781,0.44978282,0.9167328,-0.24289544,1.5815483,858.8717948717949,249.720272170034,1000.0,121,1000,0.00018355263157894736,0.0001189598988275975,-0.02605798840522766,20.65654754638672,0.009562881663441658,0.010965636931359768,0.12154693603515625,0.3271980285644531,1539,2553.384643316269,3932160,3932160,122880
0.798947,0.4598008,0.8228027,-0.44077107,1.8094444,795.1975308641976,310.0857874031941,1000.0,95,1000,0.00018157894736842105,0.0001188306778203696,-0.021535616368055344,20.630170822143555,0.01307588815689087,0.01067024189978838,0.124334716796875,0.3382096290588379,1540,2594.2774846553802,3997696,3997696,124928
0.8000233,0.50248873,0.89951897,-0.62012553,1.6008209,841.961038961039,290.49856121236303,1000.0,57,1000,0.0001796052631578947,0.0001362995244562626,-0.021089039742946625,20.592086791992188,0.010980872437357903,0.010013993829488754,0.11593780517578126,0.25907522439956665,1541,2636.128179550171,4063232,4063232,126976
0.9135969,0.44301626,0.9548267,-0.32619697,1.5849105,851.7368421052631,260.09959471128565,1000.0,129,1000,0.00017763157894736838,0.00012393285578582436,-0.02416936494410038,20.569557189941406,0.006587966810911894,0.010996734723448753,0.123492431640625,0.2859598398208618,1543,2675.477811574936,4128768,4128768,129024
0.88080716,0.48611814,1.0193516,-0.9436142,1.6062864,881.8933333333333,229.44690443663774,1000.0,221,1000,0.0001756578947368421,0.000134371206513606,-0.03229580074548721,20.525814056396484,0.00951584242284298,0.010759584605693817,0.12075653076171874,0.2838916778564453,1544,2716.1305677890778,4194304,4194304,131072
0.7983465,0.5138998,0.85192394,-0.97649145,1.7054347,865.2972972972973,247.11446793533898,1000.0,144,1000,0.0001736842105263158,0.00014708834351040423,-0.026468083262443542,20.519376754760742,0.008368577808141708,0.011299442499876022,0.12177581787109375,0.22734475135803223,1545,2756.871273994446,4259840,4259840,133120
0.8339949,0.56541103,0.9552649,-1.1758916,1.6512583,865.0266666666666,238.00011055086136,1000.0,47,1000,0.00017171052631578947,0.00016595196211710572,-0.023774370551109314,20.504276275634766,0.013244766741991043,0.010969099588692188,0.11758270263671874,0.1988210678100586,1546,2796.908201932907,4325376,4325376,135168
0.92652565,0.5314996,0.9834522,-0.75206375,1.6267382,883.1866666666666,229.48967694042844,1000.0,108,1000,0.00016973684210526313,0.00015515121049247682,-0.02324603497982025,20.473695755004883,0.012556277215480804,0.01021401397883892,0.11979217529296875,0.15216749906539917,1548,2836.1865844726562,4390912,4390912,137216
0.88520813,0.598244,1.0224851,-1.509963,1.7430376,842.4430379746835,300.4560140446199,1000.0,70,1000,0.00016776315789473684,0.00013171337195672095,-0.016836252063512802,20.45276641845703,0.015794159844517708,0.01035025529563427,0.118756103515625,0.1987457275390625,1548,2876.9863777160645,4456448,4456448,139264
0.8676983,0.544217,0.9399442,-0.8752877,1.7138937,809.4683544303797,297.0340659593274,1000.0,79,1000,0.0001657894736842105,0.0001611556945135817,-0.021446911618113518,20.444496154785156,0.011282860301434994,0.011469321325421333,0.12120361328125,0.15140771865844727,1549,2917.507871866226,4521984,4521984,141312
0.8441615,0.51804376,0.95695716,-0.36015105,1.7317141,837.5384615384615,274.0421403261845,1000.0,48,1000,0.0001638157894736842,0.00014876523346174508,-0.0246050413697958,20.433801651000977,0.008905451744794846,0.0105598084628582,0.11925811767578125,0.1463381052017212,1550,2958.2217597961426,4587520,4587520,143360
0.8407365,0.5695186,0.78883743,-1.0462445,1.7987132,785.3253012048193,295.81226171192793,1000.0,90,1000,0.00016184210526315788,0.00018373358761891723,-0.023407429456710815,20.420686721801758,0.012176403775811195,0.011934877373278141,0.11996917724609375,0.13608485460281372,1550,3000.225487947464,4653056,4653056,145408
0.7337876,0.64374423,0.87783873,-0.6361781,1.850036,797.1785714285714,299.1084434939739,1000.0,98,1000,0.00015986842105263158,0.00019588434952311218,-0.027712443843483925,20.392803192138672,0.009921781718730927,0.01097172312438488,0.11412200927734376,0.20453399419784546,1552,3039.678692817688,4718592,4718592,147456
0.94441146,0.64334416,1.1564189,-1.079842,1.7822465,871.7402597402597,267.5593102156032,1000.0,48,1000,0.00015789473684210527,0.0002039026003330946,-0.027458060532808304,20.37240219116211,0.00553767429664731,0.01039351150393486,0.1120513916015625,0.22391808032989502,1553,3079.4503252506256,4784128,4784128,149504
0.74244666,0.5863564,0.68318504,-1.0660616,1.796923,736.9775280898876,349.9417600831165,1000.0,25,1000,0.00015592105263157895,0.00017239227599930018,-0.025040410459041595,20.349124908447266,0.009266035631299019,0.01122964732348919,0.11965179443359375,0.21339750289916992,1554,3120.617559671402,4849664,4849664,151552
0.84562945,0.63586295,0.9407265,-1.0847749,1.7712307,822.0987654320987,306.3349496164297,1000.0,76,1000,0.0001539473684210526,0.0001866273960331455,-0.025854554027318954,20.31808090209961,0.0029705027118325233,0.011421239003539085,0.11656951904296875,0.24789434671401978,1554,3161.4124608039856,4915200,4915200,153600
0.90919334,0.51180315,0.9116344,-0.6419258,1.6719419,820.5844155844156,285.6837026134746,1000.0,82,1000,0.00015197368421052628,0.00015256242477335036,-0.021567117422819138,20.313215255737305,0.008384063839912415,0.00939088687300682,0.11439361572265624,0.2619853615760803,1548,3217.5134851932526,4980736,4980736,155648
0.9479506,0.56580037,1.090199,-0.7411352,1.7799954,816.620253164557,294.8925272498169,1000.0,129,1000,0.00015,0.00016404558846261352,-0.024079114198684692,20.302837371826172,0.016259055584669113,0.010984404012560844,0.12169647216796875,0.2640504837036133,1533,3290.274748802185,5046272,5046272,157696
0.79045117,0.61922175,0.93304867,-0.6749861,1.7286655,859.077922077922,246.19550705563972,1000.0,107,1000,0.0001480263157894737,0.0001844468351919204,-0.023100998252630234,20.28183364868164,0.010782240889966488,0.010303698480129242,0.11269073486328125,0.19713914394378662,1534,3330.8363959789276,5111808,5111808,159744
0.94377005,0.51227397,0.96497285,-0.5230046,1.7659141,798.5121951219512,309.4481809294527,1000.0,89,1000,0.00014605263157894735,0.00014768903201911598,-0.02482735551893711,20.277685165405273,0.010587156750261784,0.010345112532377243,0.115972900390625,0.17291110754013062,1535,3371.9394266605377,5177344,5177344,161792
0.82173276,0.65397674,0.89428955,-1.0882188,1.7635928,899.12,206.06497098407254,1000.0,90,1000,0.00014407894736842103,0.0002118542033713311,-0.024329151958227158,20.248455047607422,0.009662831202149391,0.010838629677891731,0.1108123779296875,0.14194709062576294,1536,3412.4125373363495,5242880,5242880,163840
0.84069365,0.5505531,0.911155,-0.70127016,1.7637339,836.9615384615385,280.73002097131723,1000.0,82,1000,0.00014210526315789474,0.00018634827574715018,-0.01955866441130638,20.24700927734375,0.01602776348590851,0.009228209964931011,0.106048583984375,0.17293530702590942,1537,3452.6814744472504,5308416,5308416,165888
0.8800605,0.5079407,0.8862015,-0.34829938,1.7918081,842.4805194805194,260.3967806766112,1000.0,107,1000,0.0001401315789473684,0.00016371655510738492,-0.023480556905269623,20.23990821838379,0.01775658130645752,0.010589702054858208,0.1140380859375,0.2875332832336426,1538,3492.6170177459717,5373952,5373952,167936
0.8694144,0.66144615,1.0619512,-0.99087596,1.8493915,837.5064935064935,269.49108475611797,1000.0,80,1000,0.0001381578947368421,0.0001791228132788092,-0.022809285670518875,20.22361946105957,0.01812932640314102,0.010573563165962696,0.109710693359375,0.36374300718307495,1538,3534.4881067276,5439488,5439488,169984
0.9319041,0.59089625,1.035168,-1.0437745,1.7479881,850.4303797468355,276.21137950069794,1000.0,96,1000,0.00013618421052631578,0.00018521680613048375,-0.018779978156089783,20.190046310424805,0.00230956356972456,0.010733125731348991,0.112469482421875,0.310272753238678,1540,3573.849468946457,5505024,5505024,172032
0.93319273,0.6093118,0.9881313,-0.6593652,1.8461554,877.5890410958904,249.76415371834713,1000.0,72,1000,0.00013421052631578946,0.00018761292449198663,-0.02449563518166542,20.186492919921875,0.006704432889819145,0.010723346844315529,0.10918731689453125,0.21425139904022217,1541,3614.8490240573883,5570560,5570560,174080
0.9058122,0.690984,1.0620189,-1.3085397,1.8329349,877.75,260.75240953622534,1000.0,57,1000,0.00013223684210526314,0.0002070648333756253,-0.0202549509704113,20.158071517944336,0.006851765792816877,0.009858204051852226,0.10766754150390626,0.20692437887191772,1541,3656.5902688503265,5636096,5636096,176128
0.9755463,0.52982855,0.9941892,-0.2959298,1.764374,853.8815789473684,242.9167047572861,1000.0,164,1000,0.00013026315789473685,0.00017209022189490497,-0.02458343841135502,20.145538330078125,0.006526585668325424,0.010525334626436234,0.1075347900390625,0.24369889497756958,1542,3695.256201028824,5701632,5701632,178176
0.84493333,0.6438178,0.79793435,-0.7445859,1.8002675,824.9625,295.59509653197904,1000.0,93,1000,0.00012828947368421053,0.00022806297056376934,-0.021267980337142944,20.141677856445312,0.009882867336273193,0.00950810220092535,0.10545501708984376,0.22175931930541992,1543,3736.5465502738953,5767168,5767168,180224
0.70570475,0.703371,0.7186865,-1.0459815,1.8751321,881.2933333333333,252.22887877657644,1000.0,64,1000,0.00012631578947368418,0.00023562090063933283,-0.026256565004587173,20.138721466064453,0.012271640822291374,0.01125035248696804,0.10178375244140625,0.2281920313835144,1543,3778.605404853821,5832704,5832704,182272
0.92852443,0.6192339,0.9918101,-0.661719,1.9420886,906.8,238.94862567984302,1000.0,86,1000,0.0001243421052631579,0.00018425365851726383,-0.015248451381921768,20.123762130737305,0.006926859728991985,0.00886845774948597,0.10075836181640625,0.22597920894622803,1544,3817.7062361240387,5898240,5898240,184320
1.0666468,0.576952,1.164999,-1.0480044,1.8965656,896.5753424657535,237.3795249048679,1000.0,110,1000,0.0001223684210526316,0.00019344198517501354,-0.0226735919713974,20.122303009033203,0.006477088201791048,0.009656563401222229,0.11062469482421874,0.325153648853302,1545,3859.075101852417,5963776,5963776,186368
1.0841029,0.6622324,1.2482781,-1.0083667,1.9088308,889.5972222222222,257.6665944222744,1000.0,75,1000,0.00012039473684210525,0.00017326002125628293,-0.026592275127768517,20.126426696777344,0.006714389193803072,0.010087834671139717,0.10485076904296875,0.25402259826660156,1546,3899.832710981369,6029312,6029312,188416
1.0296984,0.74176866,1.3150638,-1.2644403,1.8918947,938.986301369863,192.04740376219507,1000.0,71,1000,0.00011842105263157894,0.00022640317911282182,-0.021533023566007614,20.11029815673828,0.004987618420273066,0.009533755481243134,0.10297698974609375,0.20457720756530762,1547,3939.2158477306366,6094848,6094848,190464
1.0280395,0.7080475,1.2723342,-1.0109453,1.8892769,927.3661971830986,202.31590410680192,1000.0,142,1000,0.00011644736842105264,0.0001918823691084981,-0.02476007491350174,20.089569091796875,0.00539812259376049,0.009361117146909237,0.10055999755859375,0.2826079726219177,1547,3980.4379494190216,6160384,6160384,192512
1.1053636,0.6272496,1.3092133,-0.8676584,1.9119778,900.6621621621622,248.72362155543127,1000.0,111,1000,0.00011447368421052629,0.00016207182488869876,-0.02564462274312973,20.076372146606445,0.008596583269536495,0.009571121074259281,0.1045257568359375,0.313986599445343,1547,4022.350096464157,6225920,6225920,194560
0.986916,0.66944927,1.034851,-1.3275843,1.8811005,878.2368421052631,231.70676048226474,1000.0,62,1000,0.0001125,0.0002478706883266568,-0.024131102487444878,20.051847457885742,0.01239067129790783,0.009889250621199608,0.097003173828125,0.21742135286331177,1548,4062.526844739914,6291456,6291456,196608
0.8246545,0.73083067,0.94721305,-0.8166426,1.8661054,906.0144927536232,216.111585023257,1000.0,149,1000,0.00011052631578947369,0.00024643336655572057,-0.02571881376206875,20.04813003540039,0.008998380042612553,0.009250471368432045,0.09191741943359374,0.20632368326187134,1549,4103.497793674469,6356992,6356992,198656
1.033777,0.62459487,1.0602431,-0.6380852,1.928448,916.4166666666666,213.16326228712322,1000.0,54,1000,0.00010855263157894734,0.0001968290307559073,-0.021355319768190384,20.03264617919922,0.006680576130747795,0.009369438514113426,0.0922760009765625,0.304507315158844,1549,4144.68781208992,6422528,6422528,200704
0.9679191,0.74294204,1.1493838,-1.394508,1.889747,896.7972972972973,262.8591740801542,1000.0,44,1000,0.00010657894736842104,0.00022232555784285069,-0.02215479500591755,20.022228240966797,0.011875644326210022,0.008845429867506027,0.10172119140625,0.27688300609588623,1548,4188.676226854324,6488064,6488064,202752
1.0380268,0.7528914,1.2270148,-1.0721635,1.864347,948.1029411764706,182.22724498515282,1000.0,129,1000,0.00010460526315789473,0.00024321804812643677,-0.019674818962812424,20.002605438232422,0.010593073442578316,0.009505395777523518,0.09373779296875,0.23728716373443604,1549,4229.204930305481,6553600,6553600,204800
0.9129323,0.8479479,1.0692989,-1.5355518,1.8500947,914.0985915492957,217.3964480662439,1000.0,226,1000,0.0001026315789473684,0.0002893901546485722,-0.023235104978084564,19.991851806640625,0.007963361218571663,0.009909326210618019,0.0960357666015625,0.1617146134376526,1550,4268.906505346298,6619136,6619136,206848
0.9018415,0.73212624,1.1344517,-0.9185728,1.876972,880.8831168831168,253.45139517264522,1000.0,86,1000,0.0001006578947368421,0.00027065660106018186,-0.02663739211857319,19.955097198486328,0.00747865391895175,0.008746998384594917,0.092791748046875,0.1459517478942871,1550,4310.841438293457,6684672,6684672,208896
0.9369861,0.77399576,0.9864726,-1.3218492,1.9331739,932.9565217391304,179.48181731674654,1000.0,256,1000,9.868421052631579e-05,0.00025539565831422806,-0.01755646988749504,19.943031311035156,0.007374817971140146,0.010337132029235363,0.09462738037109375,0.18829679489135742,1551,4351.752966165543,6750208,6750208,210944
1.1336645,0.8094789,1.4740021,-1.0679996,1.9139746,936.3571428571429,182.13966663872344,1000.0,59,1000,9.671052631578945e-05,0.00023629475617781281,-0.023375894874334335,19.932498931884766,0.012078393250703812,0.009107325226068497,0.09437103271484375,0.20207029581069946,1551,4393.537835359573,6815744,6815744,212992
1.0864704,0.76107883,1.3704622,-1.2797027,1.9379408,911.6027397260274,229.56335799721967,1000.0,70,1000,9.473684210526315e-05,0.00023826907272450626,-0.024604976177215576,19.933929443359375,0.010600880719721317,0.009530562907457352,0.0933563232421875,0.20786046981811523,1551,4435.3210480213165,6881280,6881280,215040
1.0269891,0.7665734,1.3586472,-1.0658847,1.9735122,959.1014492753624,126.20493397731504,1000.0,332,1000,9.276315789473684e-05,0.0002887733862735331,-0.02337765134871006,19.91709327697754,0.0112835131585598,0.009614251554012299,0.0976226806640625,0.1893986463546753,1552,4474.669703722,6946816,6946816,217088
0.9250039,0.7196959,1.0719182,-1.1159692,1.8814746,937.7058823529412,193.37186507010802,1000.0,104,1000,9.078947368421054e-05,0.00024987818324007094,-0.01925159990787506,19.918792724609375,0.007488143164664507,0.009085295721888542,0.084991455078125,0.19250309467315674,1552,4515.813266277313,7012352,7012352,219136
0.9657936,0.75939965,1.0360153,-1.1703602,1.9246994,878.2972972972973,248.1760888437411,1000.0,142,1000,8.881578947368419e-05,0.0002306311798747629,-0.021827347576618195,19.902894973754883,0.004437969997525215,0.008760997094213963,0.08602294921875,0.17844969034194946,1552,4558.670684099197,7077888,7077888,221184
1.066436,0.73591256,1.393734,-0.86854464,1.958632,961.4492753623189,127.21162742315978,1000.0,306,1000,8.68421052631579e-05,0.00023186932958196849,-0.02568439580500126,19.89581298828125,0.014727222733199596,0.010766074061393738,0.09305877685546875,0.23211485147476196,1553,4597.767604827881,7143424,7143424,223232
1.0769686,0.6141073,1.1992373,-0.556697,1.9395522,914.9714285714285,230.28658986008662,1000.0,93,1000,8.486842105263159e-05,0.0002144631725968793,-0.018056010827422142,19.893089294433594,0.0037045511417090893,0.008556341752409935,0.0833343505859375,0.27127009630203247,1554,4638.0287272930145,7208960,7208960,225280
0.9929292,0.7309941,1.2167677,-0.8045266,1.9915473,912.6944444444445,223.91086017089287,1000.0,120,1000,8.289473684210524e-05,0.00025521087809465826,-0.02231656387448311,19.892101287841797,0.007406303659081459,0.007892324589192867,0.0796417236328125,0.1619393229484558,1554,4678.614120006561,7274496,7274496,227328
0.9357425,0.78268546,1.045578,-1.3382678,1.9679551,922.5205479452055,214.90667675707112,1000.0,55,1000,8.092105263157894e-05,0.00026705628260970116,-0.02287488430738449,19.884647369384766,0.012935749255120754,0.00890026893466711,0.08416900634765626,0.13075941801071167,1556,4716.913494825363,7340032,7340032,229376
0.94558084,0.6836496,1.0396819,-1.0902057,1.8475155,894.4324324324324,242.43121515859394,1000.0,23,1000,7.894736842105263e-05,0.00023250428785104305,-0.019632797688245773,19.882408142089844,0.008149832487106323,0.008127878420054913,0.0795166015625,0.123782217502594,1556,4756.975234508514,7405568,7405568,231424
1.0570722,0.691308,1.265858,-1.0327921,1.8716979,945.4,168.68503193822502,1000.0,113,1000,7.69736842105263e-05,0.00023959903046488762,-0.021532371640205383,19.878084182739258,0.013987954705953598,0.00832873024046421,0.07835540771484376,0.07654547691345215,1557,4797.811632156372,7471104,7471104,233472
1.0934772,0.62843364,1.204422,-0.4388224,1.8950859,958.1764705882352,162.09165355516961,1000.0,111,1000,7.5e-05,0.00023381304345093668,-0.02529451623558998,19.887454986572266,0.007290412671864033,0.007836437784135342,0.07674102783203125,0.06743860244750977,1557,4838.634959220886,7536640,7536640,235520
0.9188103,0.80326664,1.2103902,-1.3871406,1.9035786,939.4057971014493,188.37207390497983,1000.0,107,1000,7.302631578947369e-05,0.00028785766335204244,-0.018857477232813835,19.863880157470703,0.010211942717432976,0.007795614190399647,0.08123931884765626,0.05170285701751709,1558,4878.992452383041,7602176,7602176,237568
0.8969245,0.75139725,1.0241944,-1.28593,1.8763916,901.1369863013699,237.54505355327848,1000.0,77,1000,7.105263157894735e-05,0.00027429405599832535,-0.014971086755394936,19.857620239257812,0.007077330257743597,0.008240370079874992,0.07266998291015625,0.12374007701873779,1558,4921.472343683243,7667712,7667712,239616
1.1041573,0.6590543,1.1674832,-1.6942436,1.9776361,885.2191780821918,255.19963963641743,1000.0,111,1000,6.907894736842105e-05,0.0002062239800579846,-0.017241839319467545,19.85121726989746,0.008966391906142235,0.008723761886358261,0.07636260986328125,0.12342697381973267,1558,4960.758862257004,7733248,7733248,241664
0.992289,0.7660824,1.0630307,-0.9995008,1.957936,924.6805555555555,194.20806614362576,1000.0,128,1000,6.710526315789474e-05,0.00025348516646772623,-0.01776154525578022,19.834945678710938,0.007134646642953157,0.008040305227041245,0.0723876953125,0.11051547527313232,1559,5001.139788866043,7798784,7798784,243712
1.1108309,0.6920787,1.3183722,-0.7928941,1.9552442,901.5972222222222,215.91855844547695,1000.0,52,1000,6.51315789473684e-05,0.00022856213035993278,-0.015131982043385506,19.82326889038086,0.00875660590827465,0.00835041981190443,0.07394561767578126,0.10108828544616699,1559,5043.0065150260925,7864320,7864320,245760
1.0413765,0.8384524,1.4154938,-1.2002559,1.9366828,921.0579710144928,206.5628222549068,1000.0,179,1000,6.315789473684209e-05,0.0002715134178288281,-0.015781009569764137,19.82523536682129,0.0041526202112436295,0.008336583152413368,0.07225189208984376,0.025671303272247314,1545,5132.4822108745575,7929856,7929856,247808
0.76945335,0.814375,0.7876295,-1.5032932,1.9039569,910.5138888888889,228.26610890310772,1000.0,80,1000,6.11842105263158e-05,0.00027401407714933157,-0.01683971844613552,19.81661605834961,0.006135737057775259,0.007251441944390535,0.0659820556640625,0.06645315885543823,1545,5173.708703517914,7995392,7995392,249856
1.0376697,0.7569172,1.3332889,-1.389665,1.9575837,947.7391304347826,172.76042321992594,1000.0,175,1000,5.921052631578945e-05,0.0002599984291009605,-0.017375987023115158,19.80437660217285,0.011810112744569778,0.008038411848247051,0.0680694580078125,0.09704339504241943,1546,5213.791473865509,8060928,8060928,251904
0.8564563,0.841991,1.044578,-1.4057869,1.8956987,914.0833333333334,223.83220091547744,1000.0,65,1000,5.7236842105263145e-05,0.00030188681557774544,-0.015329966321587563,19.792312622070312,0.0069302222691476345,0.007807742804288864,0.06271209716796874,0.10412508249282837,1546,5254.113909959793,8126464,8126464,253952
0.83195347,0.839984,1.0098994,-1.0901161,1.915479,952.6764705882352,160.5278463269435,1000.0,112,1000,5.5263157894736845e-05,0.0003165732487104833,-0.020916176959872246,19.78205108642578,0.0071196891367435455,0.007149356883019209,0.0557403564453125,0.07717061042785645,1546,5295.654726028442,8192000,8192000,256000
1.05312,0.75410444,1.2215128,-1.3490475,1.9233134,941.927536231884,184.13749736924333,1000.0,234,1000,5.328947368421054e-05,0.00021516664128284901,-0.021576933562755585,19.764923095703125,0.0013243374414741993,0.008116090670228004,0.0640716552734375,0.16969352960586548,1547,5336.745270013809,8257536,8257536,258048
1.0520155,0.71566796,1.1260583,-0.63380855,1.9010566,966.2794117647059,115.34332964576507,1000.0,370,1000,5.13157894736842e-05,0.0002698620082810521,-0.01584227755665779,19.74054718017578,0.006868693046271801,0.006539445370435715,0.056475830078125,0.17972654104232788,1547,5377.258162498474,8323072,8323072,260096
0.9020835,0.8055078,0.8552415,-1.207328,2.0077147,923.3521126760563,213.52732441114998,1000.0,203,1000,4.9342105263157894e-05,0.000285221787635237,-0.018206093460321426,19.72525978088379,0.00774953281506896,0.0068093230947852135,0.05581512451171875,0.13364768028259277,1548,5417.862355232239,8388608,8388608,262144
0.97833675,0.8480358,1.2345879,-1.3000184,1.9836102,885.5657894736842,253.15697935877841,1000.0,35,1000,4.736842105263159e-05,0.00027249916456639767,-0.017986316233873367,19.696834564208984,0.007650107145309448,0.007127279415726662,0.0541534423828125,0.06620258092880249,1548,5459.606117248535,8454144,8454144,264192
0.95247287,0.81461424,1.099901,-1.2766366,1.930281,859.1625,269.35099980091036,1000.0,55,1000,4.539473684210525e-05,0.00026125251315534115,-0.01776079088449478,19.683454513549805,0.005279227159917355,0.006747552193701267,0.0519439697265625,0.05249565839767456,1549,5499.839467287064,8519680,8519680,266240
1.0862015,0.77464044,1.2112888,-1.1614978,1.9964714,873.1756756756756,273.60211583009664,1000.0,53,1000,4.342105263157895e-05,0.0002407460706308484,-0.018931657075881958,19.66741371154785,0.009182840585708618,0.006545582320541143,0.05142974853515625,0.1317325234413147,1549,5540.950313568115,8585216,8585216,268288
1.0011554,0.77070963,1.0607474,-1.306382,1.9710844,866.6233766233767,269.7998314749716,1000.0,78,1000,4.144736842105264e-05,0.00026683101896196604,-0.014720333740115166,19.647903442382812,0.0072805071249604225,0.0069643910974264145,0.0519287109375,0.10659557580947876,1549,5582.319307088852,8650752,8650752,270336
1.1768384,0.78605634,1.4704318,-1.6136569,1.9683213,928.2352941176471,224.90848581060558,1000.0,81,1000,3.94736842105263e-05,0.0002193608961533755,-0.01657523587346077,19.628726959228516,0.006729045417159796,0.0072251358069479465,0.05182647705078125,0.1561030149459839,1550,5619.907051086426,8716288,8716288,272384
1.0138781,0.8249124,1.1959964,-0.9509592,1.9729496,924.082191780822,204.67265902924163,1000.0,161,1000,3.75e-05,0.0002959985868074,-0.012098019942641258,19.616641998291016,0.0018269410356879234,0.005932310130447149,0.043890380859375,0.12804925441741943,1551,5659.985983133316,8781824,8781824,274432
0.90391225,0.83643115,0.91723514,-1.3115902,1.9769382,871.972602739726,267.5790996917657,1000.0,59,1000,3.552631578947369e-05,0.0003327721497043967,-0.016425251960754395,19.60785675048828,0.007964035496115685,0.005985956639051437,0.04691162109375,0.1868952512741089,1551,5700.865431308746,8847360,8847360,276480
0.8177333,0.9063133,1.0862588,-1.4240897,1.9261795,907.6197183098592,227.36093822577917,1000.0,148,1000,3.355263157894735e-05,0.0003498131991364062,-0.016779998317360878,19.6107234954834,0.007771611679345369,0.006208178587257862,0.044091796875,0.1028207540512085,1552,5740.22246670723,8912896,8912896,278528
1.014899,0.7886841,1.1982517,-1.37293,1.9937897,918.6056338028169,206.52275248069867,1000.0,81,1000,3.1578947368421045e-05,0.00026767878443934023,-0.013716565445065498,19.589147567749023,0.007998797111213207,0.006600193679332733,0.04565887451171875,0.17520040273666382,1552,5781.776652574539,8978432,8978432,280576
1.1454347,0.69084436,1.3918657,-0.5787579,2.0305994,897.8055555555555,249.69479363642287,1000.0,62,1000,2.9605263157894742e-05,0.00022481739870272577,-0.011003240942955017,19.58662986755371,0.009692450985312462,0.0058040255680680275,0.0397003173828125,0.2064111828804016,1553,5822.992020606995,9043968,9043968,282624
1.2485497,0.7224751,1.5974269,-1.3034654,1.9921879,877.9473684210526,278.9980142702793,1000.0,83,1000,2.7631578947368406e-05,0.00020597602997440845,-0.018344800919294357,19.57168197631836,0.0005559828132390976,0.005188750568777323,0.03966522216796875,0.09042584896087646,1554,5861.750522375107,9109504,9109504,284672
1.0869466,0.82548565,1.415019,-1.1362306,2.0111408,901.1388888888889,257.02741453196705,1000.0,64,1000,2.56578947368421e-05,0.00026351018459536135,-0.009316254407167435,19.56764793395996,0.0020878533832728863,0.005743861198425293,0.04413604736328125,0.07253164052963257,1554,5902.021201848984,9175040,9175040,286720
0.84491384,0.8753002,0.80082893,-1.3442371,1.99953,875.1351351351351,265.7414575843141,1000.0,64,1000,2.3684210526315794e-05,0.00033671679557301104,-0.012118078768253326,19.556833267211914,0.00046192947775125504,0.005180835723876953,0.0344940185546875,0.03496122360229492,1554,5943.082138776779,9240576,9240576,288768
1.0805464,0.7942049,1.289975,-1.2574278,2.0242143,931.5774647887324,212.9353973293924,1000.0,78,1000,2.1710526315789457e-05,0.0002955538220703602,-0.010571977123618126,19.55870819091797,0.004456089809536934,0.004799652379006147,0.0337310791015625,0.05413609743118286,1555,5982.027703523636,9306112,9306112,290816
1.0033062,0.92149794,1.3922364,-1.1935562,2.030145,920.887323943662,217.6308121629331,1000.0,151,1000,1.973684210526315e-05,0.00031611701706424356,-0.011182412505149841,19.559162139892578,0.004718845244497061,0.004920650273561478,0.03253326416015625,0.022486209869384766,1556,6021.3584134578705,9371648,9371648,292864
1.0534025,0.7744547,1.3410475,-1.2813915,2.0207534,890.7894736842105,235.6120426167533,1000.0,144,1000,1.7763157894736845e-05,0.0002538292610552162,-0.010539321228861809,19.549894332885742,0.00421631196513772,0.004704924300312996,0.028216552734375,0.05364745855331421,1556,6063.564978837967,9437184,9437184,294912
0.9853137,0.8516056,1.0760354,-1.4003394,2.0208955,928.8714285714286,220.26840259935938,1000.0,54,1000,1.578947368421054e-05,0.0003076990833505988,-0.01252532098442316,19.545970916748047,0.004447129555046558,0.0046512531116604805,0.02487030029296875,0.10216039419174194,1556,6103.27362537384,9502720,9502720,296960
1.0269274,0.87252575,1.4146923,-1.1634417,2.0091527,928.6111111111111,190.3020665762983,1000.0,150,1000,1.3815789473684203e-05,0.0002775596221908927,-0.011269988492131233,19.542451858520508,0.006027471274137497,0.004176003858447075,0.02049713134765625,0.09628307819366455,1557,6143.450676202774,9568256,9568256,299008
1.0254109,0.89290804,1.2157978,-1.3382251,2.0538564,915.6575342465753,203.87453966272292,1000.0,152,1000,1.1842105263157897e-05,0.00033268870902247727,-0.005889624822884798,19.54062271118164,0.0045472970232367516,0.004382882732897997,0.01896820068359375,0.06576943397521973,1557,6183.78556060791,9633792,9633792,301056
0.83404666,0.97245705,1.0502975,-1.7436715,2.0332575,905.625,247.83845755182278,1000.0,70,1000,9.868421052631593e-06,0.00037736311787739396,-0.006928854156285524,19.53731346130371,0.0027287709526717663,0.00338988215662539,0.014593505859375,0.023450493812561035,1558,6224.816465616226,9699328,9699328,303104
1.1407108,0.7495559,1.430519,-1.1281465,2.0040016,948.7,165.08001090380384,1000.0,201,1000,7.894736842105254e-06,0.00028516430757008493,-0.0061992257833480835,19.534542083740234,0.005769655108451843,0.0036170794628560543,0.01549072265625,0.07555890083312988,1558,6263.915975093842,9764864,9764864,305152
0.9839671,0.84026885,1.2292653,-1.2694902,2.0114403,888.7702702702703,256.64806838944855,1000.0,72,1000,5.9210526315789485e-06,0.00028673966880887747,-0.003241201862692833,19.529956817626953,0.0017901528626680374,0.003354778978973627,0.01284942626953125,0.04424041509628296,1559,6304.368133068085,9830400,9830400,307200
1.0094858,0.7547797,1.134213,-1.0412163,1.9881241,888.375,253.240028733172,1000.0,126,1000,3.947368421052643e-06,0.0002840891247615218,-0.008020805194973946,19.529422760009766,0.002085284795612097,0.003248328110203147,0.01041412353515625,0.04217904806137085,1559,6345.425728321075,9895936,9895936,309248
